{
  "project_info": {
    "project_number": "147338779218",
    "firebase_url": "https://projectpredict-9c7dc.firebaseio.com",
    "project_id": "projectpredict-9c7dc",
    "storage_bucket": "projectpredict-9c7dc.appspot.com"
  },
  "client": [
    {
      "client_info": {
        "mobilesdk_app_id": "1:147338779218:android:92e4490d116c81c9115d8b",
        "android_client_info": {
          "package_name": "dessertation.thesis.projectpredict"
        }
      },
      "oauth_client": [
        {
          "client_id": "147338779218-5qclgf4gcg5s0ffct0f09671dffu06df.apps.googleusercontent.com",
          "client_type": 1,
          "android_info": {
            "package_name": "dessertation.thesis.projectpredict",
            "certificate_hash": "3e8a2468ba20f2bc09438e10c5cde28c1cfca594"
          }
        },
        {
          "client_id": "147338779218-t0fflt8go6qdkg3gqno1fjek6l858c0j.apps.googleusercontent.com",
          "client_type": 3
        }
      ],
      "api_key": [
        {
          "current_key": "AIzaSyDfeGfqy3B2_BId1Pkpm9O9hrfdT2wFwGU"
        }
      ],
      "services": {
        "appinvite_service": {
          "other_platform_oauth_client": [
            {
              "client_id": "147338779218-t0fflt8go6qdkg3gqno1fjek6l858c0j.apps.googleusercontent.com",
              "client_type": 3
            }
          ]
        }
      }
    }
  ],
  "configuration_version": "1"
}