{
  "project_info": {
    "project_number": "778669030058",
    "firebase_url": "https://predictpro-1939f.firebaseio.com",
    "project_id": "predictpro-1939f",
    "storage_bucket": "predictpro-1939f.appspot.com"
  },
  "client": [
    {
      "client_info": {
        "mobilesdk_app_id": "1:778669030058:android:918eeb01d8f9b0249b2ed3",
        "android_client_info": {
          "package_name": "com.thesis.predictpro"
        }
      },
      "oauth_client": [
        {
          "client_id": "778669030058-m4taai2iqpr9ien5oki89r15f1o7huds.apps.googleusercontent.com",
          "client_type": 1,
          "android_info": {
            "package_name": "com.thesis.predictpro",
            "certificate_hash": "3e8a2468ba20f2bc09438e10c5cde28c1cfca594"
          }
        },
        {
          "client_id": "778669030058-6mlle7vgakfnmjp8qh12djkvqch0a77r.apps.googleusercontent.com",
          "client_type": 3
        }
      ],
      "api_key": [
        {
          "current_key": "AIzaSyB22YhyCuoJHn_G0JMSMkwOD38pEor5hdI"
        }
      ],
      "services": {
        "appinvite_service": {
          "other_platform_oauth_client": [
            {
              "client_id": "778669030058-6mlle7vgakfnmjp8qh12djkvqch0a77r.apps.googleusercontent.com",
              "client_type": 3
            }
          ]
        }
      }
    }
  ],
  "configuration_version": "1"
}